,Usecase,Parameter,Parameter Value,Obj Value,Runtime
0,Small,BQPCuts,-1,545.3111591697021,0.07311058044433594
1,Small,BQPCuts,0,545.3111591697021,0.05553436279296875
2,Small,BQPCuts,1,545.3111591697021,0.05988883972167969
3,Small,BQPCuts,2,545.3111591697021,0.05057334899902344
4,Small,CliqueCuts,-1,545.3111591697021,0.04785728454589844
5,Small,CliqueCuts,0,545.3111591697021,0.06299972534179688
6,Small,CliqueCuts,1,545.3111591697021,0.055545806884765625
7,Small,CliqueCuts,2,545.3111591697021,0.0549468994140625
8,Small,CoverCuts,-1,545.3111591697021,0.05097007751464844
9,Small,CoverCuts,0,545.3111591697021,0.0555572509765625
10,Small,CoverCuts,1,545.3111591697021,0.05451774597167969
11,Small,CoverCuts,2,545.3111591697021,0.07365226745605469
12,Small,FlowCoverCuts,-1,545.3111591697021,0.04695320129394531
13,Small,FlowCoverCuts,0,545.3111591697021,0.048313140869140625
14,Small,FlowCoverCuts,1,545.3111591697021,0.05265045166015625
15,Small,FlowCoverCuts,2,545.3111591697021,0.047969818115234375
16,Small,FlowPathCuts,-1,545.3111591697021,0.04380226135253906
17,Small,FlowPathCuts,0,545.3111591697021,0.0460662841796875
18,Small,FlowPathCuts,1,545.3111591697021,0.05005836486816406
19,Small,FlowPathCuts,2,545.3111591697021,0.07418441772460938
20,Small,GUBCoverCuts,-1,545.3111591697021,0.0560302734375
21,Small,GUBCoverCuts,0,545.3111591697021,0.05092811584472656
22,Small,GUBCoverCuts,1,545.3111591697021,0.060688018798828125
23,Small,GUBCoverCuts,2,545.3111591697021,0.043796539306640625
24,Small,ImpliedCuts,-1,545.3111591697021,0.05188179016113281
25,Small,ImpliedCuts,0,545.3111591697021,0.06676101684570312
26,Small,ImpliedCuts,1,545.3111591697021,0.14883804321289062
27,Small,ImpliedCuts,2,545.3111591697021,0.05057525634765625
28,Small,InfProofCuts,-1,545.3111591697021,0.08816146850585938
29,Small,InfProofCuts,0,545.3111591697021,0.050365447998046875
30,Small,InfProofCuts,1,545.3111591697021,0.04785346984863281
31,Small,InfProofCuts,2,545.3111591697021,0.046321868896484375
32,Small,LiftProjectCuts,-1,545.3111591697021,0.06871986389160156
33,Small,LiftProjectCuts,0,545.3111591697021,0.10852432250976562
34,Small,LiftProjectCuts,1,545.3111591697021,0.04387474060058594
35,Small,LiftProjectCuts,2,545.3111591697021,0.04557991027832031
36,Small,MIPSepCuts,-1,545.3111591697021,0.04901313781738281
37,Small,MIPSepCuts,0,545.3111591697021,0.043842315673828125
38,Small,MIPSepCuts,1,545.3111591697021,0.044918060302734375
39,Small,MIPSepCuts,2,545.3111591697021,0.046375274658203125
40,Small,MIRCuts,-1,545.3111591697021,0.046726226806640625
41,Small,MIRCuts,0,545.3111591697021,0.07521629333496094
42,Small,MIRCuts,1,545.3111591697021,0.04622650146484375
43,Small,MIRCuts,2,545.3111591697021,0.0505218505859375
44,Small,ModKCuts,-1,545.3111591697021,0.05988502502441406
45,Small,ModKCuts,0,545.3111591697021,0.051998138427734375
46,Small,ModKCuts,1,545.3111591697021,0.060016632080078125
47,Small,ModKCuts,2,545.3111591697021,0.13636207580566406
48,Small,NetworkCuts,-1,545.3111591697021,0.0478973388671875
49,Small,NetworkCuts,0,545.3111591697021,0.054019927978515625
50,Small,NetworkCuts,1,545.3111591697021,0.06256103515625
51,Small,NetworkCuts,2,545.3111591697021,0.06251144409179688
52,Small,ProjImpliedCuts,-1,545.3111591697021,0.046886444091796875
53,Small,ProjImpliedCuts,0,545.3111591697021,0.05256462097167969
54,Small,ProjImpliedCuts,1,545.3111591697021,0.04077339172363281
55,Small,ProjImpliedCuts,2,545.3111591697021,0.040760040283203125
56,Small,PSDCuts,-1,545.3111591697021,0.08902549743652344
57,Small,PSDCuts,0,545.3111591697021,0.05790519714355469
58,Small,PSDCuts,1,545.3111591697021,0.040790557861328125
59,Small,PSDCuts,2,545.3111591697021,0.1259613037109375
60,Small,RelaxLiftCuts,-1,545.3111591697021,0.06293296813964844
61,Small,RelaxLiftCuts,0,545.3111591697021,0.03166961669921875
62,Small,RelaxLiftCuts,1,545.3111591697021,0.06249809265136719
63,Small,RelaxLiftCuts,2,545.3111591697021,0.0471954345703125
64,Small,RLTCuts,-1,545.3111591697021,0.03125572204589844
65,Small,RLTCuts,0,545.3111591697021,0.043590545654296875
66,Small,RLTCuts,1,545.3111591697021,0.041553497314453125
67,Small,RLTCuts,2,545.3111591697021,0.10451889038085938
68,Small,StrongCGCuts,-1,545.3111591697021,0.045520782470703125
69,Small,StrongCGCuts,0,545.3111591697021,0.056011199951171875
70,Small,StrongCGCuts,1,545.3111591697021,0.0449981689453125
71,Small,StrongCGCuts,2,545.3111591697021,0.040004730224609375
72,Small,SubMIPCuts,-1,545.3111591697021,0.04204750061035156
73,Small,SubMIPCuts,0,545.3111591697021,0.04400634765625
74,Small,SubMIPCuts,1,545.3111591697021,0.04300117492675781
75,Small,SubMIPCuts,2,545.3111591697021,0.04399871826171875
76,Small,ZeroHalfCuts,-1,545.3111591697021,0.07353591918945312
77,Small,ZeroHalfCuts,0,545.3111591697021,0.04251289367675781
78,Small,ZeroHalfCuts,1,545.3111591697021,0.04634857177734375
79,Small,ZeroHalfCuts,2,545.3111591697021,0.04683494567871094
80,Small,CutPasses,0,545.3111591697021,0.039852142333984375
81,Small,CutPasses,1,545.3111591697021,0.04534339904785156
82,Small,CutPasses,2,545.3111591697021,0.04090690612792969
83,Small,CutPasses,3,545.3111591697021,0.07484817504882812
84,Small,CutPasses,4,545.3111591697021,0.04030609130859375
85,Small,CutPasses,5,545.3111591697021,0.057010650634765625
86,Small,CutPasses,6,545.3111591697021,0.05135917663574219
87,Small,CutPasses,7,545.3111591697021,0.055271148681640625
88,Small,CutPasses,8,545.3111591697021,0.0532073974609375
89,Small,CutPasses,9,545.3111591697021,0.04619598388671875
90,Small,CutPasses,10,545.3111591697021,0.05210685729980469
91,Small,CutPasses,11,545.3111591697021,0.08002471923828125
92,Small,CutPasses,12,545.3111591697021,0.04218292236328125
93,Small,CutPasses,13,545.3111591697021,0.04500389099121094
94,Small,CutPasses,14,545.3111591697021,0.050975799560546875
95,Small,CutPasses,15,545.3111591697021,0.042789459228515625
96,Small,CutPasses,16,545.3111591697021,0.04269599914550781
97,Small,CutPasses,17,545.3111591697021,0.04594993591308594
98,Small,CutPasses,18,545.3111591697021,0.08132743835449219
99,Small,CutPasses,19,545.3111591697021,0.04427146911621094
100,Small,CutPasses,20,545.3111591697021,0.04099845886230469
101,Small,CutPasses,21,545.3111591697021,0.03951454162597656
102,Small,CutPasses,22,545.3111591697021,0.045475006103515625
103,Small,CutPasses,23,545.3111591697021,0.045001983642578125
104,Small,CutPasses,24,545.3111591697021,0.03900146484375
105,Small,CutPasses,25,545.3111591697021,0.04172515869140625
106,Small,CutPasses,26,545.3111591697021,0.04251670837402344
107,Small,CutPasses,27,545.3111591697021,0.06101036071777344
108,Small,CutPasses,28,545.3111591697021,0.04568672180175781
109,Small,CutPasses,29,545.3111591697021,0.044921875
110,Small,CutPasses,30,545.3111591697021,0.07252311706542969
111,Small,CutPasses,31,545.3111591697021,0.040531158447265625
112,Small,CutPasses,32,545.3111591697021,0.04352760314941406
113,Small,CutPasses,33,545.3111591697021,0.04062080383300781
114,Small,CutPasses,34,545.3111591697021,0.04192543029785156
115,Small,CutPasses,35,545.3111591697021,0.08400535583496094
116,Small,CutPasses,36,545.3111591697021,0.05751609802246094
117,Small,CutPasses,37,545.3111591697021,0.046535491943359375
118,Small,CutPasses,38,545.3111591697021,0.06351852416992188
119,Small,CutPasses,39,545.3111591697021,0.04946327209472656
120,Small,CutPasses,40,545.3111591697021,0.04365730285644531
121,Small,CutPasses,41,545.3111591697021,0.04501152038574219
122,Small,CutPasses,42,545.3111591697021,0.06299781799316406
123,Small,CutPasses,43,545.3111591697021,0.0436248779296875
124,Small,CutPasses,44,545.3111591697021,0.044525146484375
125,Small,CutPasses,45,545.3111591697021,0.06400489807128906
126,Small,CutPasses,46,545.3111591697021,0.048999786376953125
127,Small,CutPasses,47,545.3111591697021,0.07251358032226562
128,Small,CutPasses,48,545.3111591697021,0.041332244873046875
129,Small,CutPasses,49,545.3111591697021,0.052921295166015625
130,Small,CutPasses,50,545.3111591697021,0.06801414489746094
131,Small,CutPasses,51,545.3111591697021,0.05954551696777344
132,Small,CutPasses,52,545.3111591697021,0.05200004577636719
133,Small,CutPasses,53,545.3111591697021,0.07752037048339844
134,Small,CutPasses,54,545.3111591697021,0.04300117492675781
135,Small,CutPasses,55,545.3111591697021,0.04591178894042969
136,Small,CutPasses,56,545.3111591697021,0.05200004577636719
137,Small,CutPasses,57,545.3111591697021,0.043476104736328125
138,Small,CutPasses,58,545.3111591697021,0.04699516296386719
139,Small,CutPasses,59,545.3111591697021,0.04400444030761719
140,Small,CutPasses,60,545.3111591697021,0.04399871826171875
141,Small,CutPasses,61,545.3111591697021,0.04400062561035156
142,Small,CutPasses,62,545.3111591697021,0.043575286865234375
143,Small,CutPasses,63,545.3111591697021,0.05251312255859375
144,Small,CutPasses,64,545.3111591697021,0.04262351989746094
145,Small,CutPasses,65,545.3111591697021,0.13034439086914062
146,Small,CutPasses,66,545.3111591697021,0.04899787902832031
147,Small,CutPasses,67,545.3111591697021,0.046001434326171875
148,Small,CutPasses,68,545.3111591697021,0.052001953125
149,Small,CutPasses,69,545.3111591697021,0.044277191162109375
150,Small,CutPasses,70,545.3111591697021,0.0527801513671875
151,Small,CutPasses,71,545.3111591697021,0.04442024230957031
152,Small,CutPasses,72,545.3111591697021,0.05144691467285156
153,Small,CutPasses,73,545.3111591697021,0.05318450927734375
154,Small,CutPasses,74,545.3111591697021,0.08283615112304688
155,Small,CutPasses,75,545.3111591697021,0.04390144348144531
156,Small,CutPasses,76,545.3111591697021,0.04328727722167969
157,Small,CutPasses,77,545.3111591697021,0.06729316711425781
158,Small,CutPasses,78,545.3111591697021,0.04431343078613281
159,Small,CutPasses,79,545.3111591697021,0.04796028137207031
160,Small,CutPasses,80,545.3111591697021,0.05154228210449219
161,Small,CutPasses,81,545.3111591697021,0.04072380065917969
162,Small,CutPasses,82,545.3111591697021,0.0416717529296875
163,Small,CutPasses,83,545.3111591697021,0.08466720581054688
164,Small,CutPasses,84,545.3111591697021,0.050731658935546875
165,Small,CutPasses,85,545.3111591697021,0.04409027099609375
166,Small,CutPasses,86,545.3111591697021,0.04678535461425781
167,Small,CutPasses,87,545.3111591697021,0.04508399963378906
168,Small,CutPasses,88,545.3111591697021,0.04113578796386719
169,Small,CutPasses,89,545.3111591697021,0.04631614685058594
170,Small,CutPasses,90,545.3111591697021,0.06551361083984375
171,Small,CutPasses,91,545.3111591697021,0.08055305480957031
172,Small,CutPasses,92,545.3111591697021,0.04718017578125
173,Small,CutPasses,93,545.3111591697021,0.051914215087890625
174,Small,CutPasses,94,545.3111591697021,0.0426788330078125
175,Small,CutPasses,95,545.3111591697021,0.05933189392089844
176,Small,CutPasses,96,545.3111591697021,0.06097984313964844
177,Small,CutPasses,97,545.3111591697021,0.06155204772949219
178,Small,CutPasses,98,545.3111591697021,0.07511520385742188
179,Small,CutPasses,99,545.3111591697021,0.06603050231933594
180,Small,CutAggPasses,0,545.3111591697021,0.17168807983398438
181,Small,CutAggPasses,1,545.3111591697021,0.06394004821777344
182,Small,CutAggPasses,2,545.3111591697021,0.23361587524414062
183,Small,CutAggPasses,3,545.3111591697021,0.22876930236816406
184,Small,CutAggPasses,4,545.3111591697021,0.042743682861328125
185,Small,CutAggPasses,5,545.3111591697021,0.08972358703613281
186,Small,CutAggPasses,6,545.3111591697021,0.057582855224609375
187,Small,CutAggPasses,7,545.3111591697021,0.045032501220703125
188,Small,CutAggPasses,8,545.3111591697021,0.054996490478515625
189,Small,CutAggPasses,9,545.3111591697021,0.04587554931640625
190,Small,CutAggPasses,10,545.3111591697021,0.048656463623046875
191,Small,CutAggPasses,11,545.3111591697021,0.06243896484375
192,Small,CutAggPasses,12,545.3111591697021,0.04688262939453125
193,Small,CutAggPasses,13,545.3111591697021,0.04344749450683594
194,Small,CutAggPasses,14,545.3111591697021,0.08543586730957031
195,Small,CutAggPasses,15,545.3111591697021,0.06816673278808594
196,Small,CutAggPasses,16,545.3111591697021,0.05425453186035156
197,Small,CutAggPasses,17,545.3111591697021,0.0333099365234375
198,Small,CutAggPasses,18,545.3111591697021,0.046840667724609375
199,Small,CutAggPasses,19,545.3111591697021,0.04737091064453125
200,Small,CutAggPasses,20,545.3111591697021,0.03163909912109375
201,Small,CutAggPasses,21,545.3111591697021,0.04742431640625
202,Small,CutAggPasses,22,545.3111591697021,0.04731941223144531
203,Small,CutAggPasses,23,545.3111591697021,0.06459236145019531
204,Small,CutAggPasses,24,545.3111591697021,0.06566238403320312
205,Small,CutAggPasses,25,545.3111591697021,0.05695533752441406
206,Small,CutAggPasses,26,545.3111591697021,0.04678153991699219
207,Small,CutAggPasses,27,545.3111591697021,0.05939674377441406
208,Small,CutAggPasses,28,545.3111591697021,0.042514801025390625
209,Small,CutAggPasses,29,545.3111591697021,0.07802581787109375
210,Small,CutAggPasses,30,545.3111591697021,0.048725128173828125
211,Small,CutAggPasses,31,545.3111591697021,0.05624198913574219
212,Small,CutAggPasses,32,545.3111591697021,0.08361244201660156
213,Small,CutAggPasses,33,545.3111591697021,0.06250381469726562
214,Small,CutAggPasses,34,545.3111591697021,0.049072265625
215,Small,CutAggPasses,35,545.3111591697021,0.07111740112304688
216,Small,CutAggPasses,36,545.3111591697021,0.033954620361328125
217,Small,CutAggPasses,37,545.3111591697021,0.04688072204589844
218,Small,CutAggPasses,38,545.3111591697021,0.06250762939453125
219,Small,CutAggPasses,39,545.3111591697021,0.05590057373046875
220,Small,CutAggPasses,40,545.3111591697021,0.041149139404296875
221,Small,CutAggPasses,41,545.3111591697021,0.06072807312011719
222,Small,CutAggPasses,42,545.3111591697021,0.04726409912109375
223,Small,CutAggPasses,43,545.3111591697021,0.036067962646484375
224,Small,CutAggPasses,44,545.3111591697021,0.08434104919433594
225,Small,CutAggPasses,45,545.3111591697021,0.052337646484375
226,Small,CutAggPasses,46,545.3111591697021,0.04144287109375
227,Small,CutAggPasses,47,545.3111591697021,0.04601478576660156
228,Small,CutAggPasses,48,545.3111591697021,0.05418968200683594
229,Small,CutAggPasses,49,545.3111591697021,0.046878814697265625
230,Small,CutAggPasses,50,545.3111591697021,0.031238555908203125
231,Small,CutAggPasses,51,545.3111591697021,0.04688072204589844
232,Small,CutAggPasses,52,545.3111591697021,0.08160591125488281
233,Small,CutAggPasses,53,545.3111591697021,0.05024147033691406
234,Small,CutAggPasses,54,545.3111591697021,0.07689857482910156
235,Small,CutAggPasses,55,545.3111591697021,0.08370018005371094
236,Small,CutAggPasses,56,545.3111591697021,0.038604736328125
237,Small,CutAggPasses,57,545.3111591697021,0.04497718811035156
238,Small,CutAggPasses,58,545.3111591697021,0.13418006896972656
239,Small,CutAggPasses,59,545.3111591697021,0.046558380126953125
240,Small,CutAggPasses,60,545.3111591697021,0.05016326904296875
241,Small,CutAggPasses,61,545.3111591697021,0.08933830261230469
242,Small,CutAggPasses,62,545.3111591697021,0.03412628173828125
243,Small,CutAggPasses,63,545.3111591697021,0.04965972900390625
244,Small,CutAggPasses,64,545.3111591697021,0.07035255432128906
245,Small,CutAggPasses,65,545.3111591697021,0.049785614013671875
246,Small,CutAggPasses,66,545.3111591697021,0.04504203796386719
247,Small,CutAggPasses,67,545.3111591697021,0.06292152404785156
248,Small,CutAggPasses,68,545.3111591697021,0.05266571044921875
249,Small,CutAggPasses,69,545.3111591697021,0.04176521301269531
250,Small,CutAggPasses,70,545.3111591697021,0.073516845703125
251,Small,CutAggPasses,71,545.3111591697021,0.053638458251953125
252,Small,CutAggPasses,72,545.3111591697021,0.04067230224609375
253,Small,CutAggPasses,73,545.3111591697021,0.08568572998046875
254,Small,CutAggPasses,74,545.3111591697021,0.05126380920410156
255,Small,CutAggPasses,75,545.3111591697021,0.04621124267578125
256,Small,CutAggPasses,76,545.3111591697021,0.04974174499511719
257,Small,CutAggPasses,77,545.3111591697021,0.03954124450683594
258,Small,CutAggPasses,78,545.3111591697021,0.051441192626953125
259,Small,CutAggPasses,79,545.3111591697021,0.0500030517578125
260,Small,CutAggPasses,80,545.3111591697021,0.03763771057128906
261,Small,CutAggPasses,81,545.3111591697021,0.05898284912109375
262,Small,CutAggPasses,82,545.3111591697021,0.0420074462890625
263,Small,CutAggPasses,83,545.3111591697021,0.0478057861328125
264,Small,CutAggPasses,84,545.3111591697021,0.09445571899414062
265,Small,CutAggPasses,85,545.3111591697021,0.047412872314453125
266,Small,CutAggPasses,86,545.3111591697021,0.048946380615234375
267,Small,CutAggPasses,87,545.3111591697021,0.0483856201171875
268,Small,CutAggPasses,88,545.3111591697021,0.08173179626464844
269,Small,CutAggPasses,89,545.3111591697021,0.03372383117675781
270,Small,CutAggPasses,90,545.3111591697021,0.10007858276367188
271,Small,CutAggPasses,91,545.3111591697021,0.04557991027832031
272,Small,CutAggPasses,92,545.3111591697021,0.06776046752929688
273,Small,CutAggPasses,93,545.3111591697021,0.04687690734863281
274,Small,CutAggPasses,94,545.3111591697021,0.04688453674316406
275,Small,CutAggPasses,95,545.3111591697021,0.06901741027832031
276,Small,CutAggPasses,96,545.3111591697021,0.03167152404785156
277,Small,CutAggPasses,97,545.3111591697021,0.031215667724609375
278,Small,CutAggPasses,98,545.3111591697021,0.047332763671875
279,Small,CutAggPasses,99,545.3111591697021,0.04746246337890625
280,Small,GomoryPasses,0,545.3111591697021,0.062412261962890625
281,Small,GomoryPasses,1,545.3111591697021,0.04020118713378906
282,Small,GomoryPasses,2,545.3111591697021,0.049396514892578125
283,Small,GomoryPasses,3,545.3111591697021,0.08010292053222656
284,Small,GomoryPasses,4,545.3111591697021,0.04607963562011719
285,Small,GomoryPasses,5,545.3111591697021,0.03154563903808594
286,Small,GomoryPasses,6,545.3111591697021,0.030750274658203125
287,Small,GomoryPasses,7,545.3111591697021,0.035274505615234375
288,Small,GomoryPasses,8,545.3111591697021,0.03426170349121094
289,Small,GomoryPasses,9,545.3111591697021,0.07402610778808594
290,Small,GomoryPasses,10,545.3111591697021,0.0436859130859375
291,Small,GomoryPasses,11,545.3111591697021,0.0331268310546875
292,Small,GomoryPasses,12,545.3111591697021,0.05915260314941406
293,Small,GomoryPasses,13,545.3111591697021,0.05070686340332031
294,Small,GomoryPasses,14,545.3111591697021,0.0412750244140625
295,Small,GomoryPasses,15,545.3111591697021,0.04677009582519531
296,Small,GomoryPasses,16,545.3111591697021,0.03295135498046875
297,Small,GomoryPasses,17,545.3111591697021,0.05037689208984375
298,Small,GomoryPasses,18,545.3111591697021,0.06719779968261719
299,Small,GomoryPasses,19,545.3111591697021,0.054386138916015625
300,Small,GomoryPasses,20,545.3111591697021,0.036907196044921875
301,Small,GomoryPasses,21,545.3111591697021,0.04688835144042969
302,Small,GomoryPasses,22,545.3111591697021,0.034732818603515625
303,Small,GomoryPasses,23,545.3111591697021,0.04854393005371094
304,Small,GomoryPasses,24,545.3111591697021,0.028722763061523438
305,Small,GomoryPasses,25,545.3111591697021,0.04091453552246094
306,Small,GomoryPasses,26,545.3111591697021,0.04610252380371094
307,Small,GomoryPasses,27,545.3111591697021,0.0248260498046875
308,Small,GomoryPasses,28,545.3111591697021,0.04251670837402344
309,Small,GomoryPasses,29,545.3111591697021,0.03537559509277344
310,Small,GomoryPasses,30,545.3111591697021,0.047557830810546875
311,Small,GomoryPasses,31,545.3111591697021,0.03873634338378906
312,Small,GomoryPasses,32,545.3111591697021,0.09417915344238281
313,Small,GomoryPasses,33,545.3111591697021,0.048542022705078125
314,Small,GomoryPasses,34,545.3111591697021,0.04727745056152344
315,Small,GomoryPasses,35,545.3111591697021,0.05707740783691406
316,Small,GomoryPasses,36,545.3111591697021,0.04737091064453125
317,Small,GomoryPasses,37,545.3111591697021,0.040271759033203125
318,Small,GomoryPasses,38,545.3111591697021,0.04688453674316406
319,Small,GomoryPasses,39,545.3111591697021,0.03949928283691406
320,Small,GomoryPasses,40,545.3111591697021,0.04055023193359375
321,Small,GomoryPasses,41,545.3111591697021,0.04227638244628906
322,Small,GomoryPasses,42,545.3111591697021,0.04913139343261719
323,Small,GomoryPasses,43,545.3111591697021,0.0460205078125
324,Small,GomoryPasses,44,545.3111591697021,0.04234123229980469
325,Small,GomoryPasses,45,545.3111591697021,0.054004669189453125
326,Small,GomoryPasses,46,545.3111591697021,0.04699897766113281
327,Small,GomoryPasses,47,545.3111591697021,0.049015045166015625
328,Small,GomoryPasses,48,545.3111591697021,0.04799842834472656
329,Small,GomoryPasses,49,545.3111591697021,0.043003082275390625
330,Small,GomoryPasses,50,545.3111591697021,0.04553413391113281
331,Small,GomoryPasses,51,545.3111591697021,0.07534980773925781
332,Small,GomoryPasses,52,545.3111591697021,0.04557228088378906
333,Small,GomoryPasses,53,545.3111591697021,0.04900169372558594
334,Small,GomoryPasses,54,545.3111591697021,0.04599952697753906
335,Small,GomoryPasses,55,545.3111591697021,0.048007965087890625
336,Small,GomoryPasses,56,545.3111591697021,0.05753326416015625
337,Small,GomoryPasses,57,545.3111591697021,0.047000885009765625
338,Small,GomoryPasses,58,545.3111591697021,0.054656982421875
339,Small,GomoryPasses,59,545.3111591697021,0.04550933837890625
340,Small,GomoryPasses,60,545.3111591697021,0.05460166931152344
341,Small,GomoryPasses,61,545.3111591697021,0.048999786376953125
342,Small,GomoryPasses,62,545.3111591697021,0.04431343078613281
343,Small,GomoryPasses,63,545.3111591697021,0.04552459716796875
344,Small,GomoryPasses,64,545.3111591697021,0.04100799560546875
345,Small,GomoryPasses,65,545.3111591697021,0.042896270751953125
346,Small,GomoryPasses,66,545.3111591697021,0.039703369140625
347,Small,GomoryPasses,67,545.3111591697021,0.08053016662597656
348,Small,GomoryPasses,68,545.3111591697021,0.06144523620605469
349,Small,GomoryPasses,69,545.3111591697021,0.047840118408203125
350,Small,GomoryPasses,70,545.3111591697021,0.046031951904296875
351,Small,GomoryPasses,71,545.3111591697021,0.04826927185058594
352,Small,GomoryPasses,72,545.3111591697021,0.045246124267578125
353,Small,GomoryPasses,73,545.3111591697021,0.056316375732421875
354,Small,GomoryPasses,74,545.3111591697021,0.042346954345703125
355,Small,GomoryPasses,75,545.3111591697021,0.05609321594238281
356,Small,GomoryPasses,76,545.3111591697021,0.08455657958984375
357,Small,GomoryPasses,77,545.3111591697021,0.0540008544921875
358,Small,GomoryPasses,78,545.3111591697021,0.08764457702636719
359,Small,GomoryPasses,79,545.3111591697021,0.04177093505859375
360,Small,GomoryPasses,80,545.3111591697021,0.04164695739746094
361,Small,GomoryPasses,81,545.3111591697021,0.05090522766113281
362,Small,GomoryPasses,82,545.3111591697021,0.043003082275390625
363,Small,GomoryPasses,83,545.3111591697021,0.1013031005859375
364,Small,GomoryPasses,84,545.3111591697021,0.05445671081542969
365,Small,GomoryPasses,85,545.3111591697021,0.043651580810546875
366,Small,GomoryPasses,86,545.3111591697021,0.0642242431640625
367,Small,GomoryPasses,87,545.3111591697021,0.03946876525878906
368,Small,GomoryPasses,88,545.3111591697021,0.06492233276367188
369,Small,GomoryPasses,89,545.3111591697021,0.05896759033203125
370,Small,GomoryPasses,90,545.3111591697021,0.06249427795410156
371,Small,GomoryPasses,91,545.3111591697021,0.05180549621582031
372,Small,GomoryPasses,92,545.3111591697021,0.042331695556640625
373,Small,GomoryPasses,93,545.3111591697021,0.04179191589355469
374,Small,GomoryPasses,94,545.3111591697021,0.07699394226074219
375,Small,GomoryPasses,95,545.3111591697021,0.05556297302246094
376,Small,GomoryPasses,96,545.3111591697021,0.04485321044921875
377,Small,GomoryPasses,97,545.3111591697021,0.03997993469238281
378,Small,GomoryPasses,98,545.3111591697021,0.05955314636230469
379,Small,GomoryPasses,99,545.3111591697021,0.03890228271484375
380,Medium,BQPCuts,-1,599.776664964801,0.06356239318847656
381,Medium,BQPCuts,0,599.776664964801,0.06367683410644531
382,Medium,BQPCuts,1,599.776664964801,0.0677337646484375
383,Medium,BQPCuts,2,599.776664964801,0.11347770690917969
384,Medium,CliqueCuts,-1,599.776664964801,0.06475830078125
385,Medium,CliqueCuts,0,599.776664964801,0.07588005065917969
386,Medium,CliqueCuts,1,599.776664964801,0.06659889221191406
387,Medium,CliqueCuts,2,599.776664964801,0.08028793334960938
388,Medium,CoverCuts,-1,599.776664964801,0.07335662841796875
389,Medium,CoverCuts,0,599.776664964801,0.07054519653320312
390,Medium,CoverCuts,1,599.776664964801,0.09581184387207031
391,Medium,CoverCuts,2,599.776664964801,0.09882164001464844
392,Medium,FlowCoverCuts,-1,599.776664964801,0.07790374755859375
393,Medium,FlowCoverCuts,0,599.776664964801,0.21133041381835938
394,Medium,FlowCoverCuts,1,599.776664964801,0.07569313049316406
395,Medium,FlowCoverCuts,2,599.776664964801,0.07282829284667969
396,Medium,FlowPathCuts,-1,599.776664964801,0.06514549255371094
397,Medium,FlowPathCuts,0,599.776664964801,0.06651878356933594
398,Medium,FlowPathCuts,1,599.776664964801,0.09001350402832031
399,Medium,FlowPathCuts,2,599.776664964801,0.08001136779785156
400,Medium,GUBCoverCuts,-1,599.776664964801,0.059566497802734375
401,Medium,GUBCoverCuts,0,599.776664964801,0.06453132629394531
402,Medium,GUBCoverCuts,1,599.776664964801,0.09353065490722656
403,Medium,GUBCoverCuts,2,599.776664964801,0.06098747253417969
404,Medium,ImpliedCuts,-1,599.776664964801,0.06954765319824219
405,Medium,ImpliedCuts,0,599.776664964801,0.07152366638183594
406,Medium,ImpliedCuts,1,599.776664964801,0.06544303894042969
407,Medium,ImpliedCuts,2,599.776664964801,0.05994415283203125
408,Medium,InfProofCuts,-1,599.776664964801,0.07750892639160156
409,Medium,InfProofCuts,0,599.776664964801,0.09643745422363281
410,Medium,InfProofCuts,1,599.776664964801,0.059482574462890625
411,Medium,InfProofCuts,2,599.776664964801,0.062000274658203125
412,Medium,LiftProjectCuts,-1,599.776664964801,0.0659637451171875
413,Medium,LiftProjectCuts,0,599.776664964801,0.06051826477050781
414,Medium,LiftProjectCuts,1,599.776664964801,0.06600379943847656
415,Medium,LiftProjectCuts,2,599.776664964801,0.057437896728515625
416,Medium,MIPSepCuts,-1,599.776664964801,0.1269817352294922
417,Medium,MIPSepCuts,0,599.776664964801,0.061267852783203125
418,Medium,MIPSepCuts,1,599.776664964801,0.060314178466796875
419,Medium,MIPSepCuts,2,599.776664964801,0.09409904479980469
420,Medium,MIRCuts,-1,599.776664964801,0.0875244140625
421,Medium,MIRCuts,0,599.776664964801,0.061000823974609375
422,Medium,MIRCuts,1,599.776664964801,0.0692596435546875
423,Medium,MIRCuts,2,599.776664964801,0.14086151123046875
424,Medium,ModKCuts,-1,599.776664964801,0.06952285766601562
425,Medium,ModKCuts,0,599.776664964801,0.07244682312011719
426,Medium,ModKCuts,1,599.776664964801,0.06656455993652344
427,Medium,ModKCuts,2,599.776664964801,0.08942985534667969
428,Medium,NetworkCuts,-1,599.776664964801,0.06679916381835938
429,Medium,NetworkCuts,0,599.776664964801,0.06860733032226562
430,Medium,NetworkCuts,1,599.776664964801,0.08552932739257812
431,Medium,NetworkCuts,2,599.776664964801,0.06045722961425781
432,Medium,ProjImpliedCuts,-1,599.776664964801,0.07752037048339844
433,Medium,ProjImpliedCuts,0,599.776664964801,0.057521820068359375
434,Medium,ProjImpliedCuts,1,599.776664964801,0.109375
435,Medium,ProjImpliedCuts,2,599.776664964801,0.062164306640625
436,Medium,PSDCuts,-1,599.776664964801,0.05942344665527344
437,Medium,PSDCuts,0,599.776664964801,0.059337615966796875
438,Medium,PSDCuts,1,599.776664964801,0.06254959106445312
439,Medium,PSDCuts,2,599.776664964801,0.11413383483886719
440,Medium,RelaxLiftCuts,-1,599.776664964801,0.07152175903320312
441,Medium,RelaxLiftCuts,0,599.776664964801,0.09452247619628906
442,Medium,RelaxLiftCuts,1,599.776664964801,0.06719398498535156
443,Medium,RelaxLiftCuts,2,599.776664964801,0.07951164245605469
444,Medium,RLTCuts,-1,599.776664964801,0.08684539794921875
445,Medium,RLTCuts,0,599.776664964801,0.11171340942382812
446,Medium,RLTCuts,1,599.776664964801,0.06400299072265625
447,Medium,RLTCuts,2,599.776664964801,0.07951736450195312
448,Medium,StrongCGCuts,-1,599.776664964801,0.08353614807128906
449,Medium,StrongCGCuts,0,599.776664964801,0.08331489562988281
450,Medium,StrongCGCuts,1,599.776664964801,0.09286880493164062
451,Medium,StrongCGCuts,2,599.776664964801,0.11567115783691406
452,Medium,SubMIPCuts,-1,599.776664964801,0.06437492370605469
453,Medium,SubMIPCuts,0,599.776664964801,0.07671546936035156
454,Medium,SubMIPCuts,1,599.776664964801,0.11261177062988281
455,Medium,SubMIPCuts,2,599.776664964801,0.07491111755371094
456,Medium,ZeroHalfCuts,-1,599.776664964801,0.1296977996826172
457,Medium,ZeroHalfCuts,0,599.776664964801,0.0640106201171875
458,Medium,ZeroHalfCuts,1,599.776664964801,0.060520172119140625
459,Medium,ZeroHalfCuts,2,599.776664964801,0.06569290161132812
460,Medium,CutPasses,0,599.776664964801,0.05892181396484375
461,Medium,CutPasses,1,599.776664964801,0.06869316101074219
462,Medium,CutPasses,2,599.776664964801,0.091064453125
463,Medium,CutPasses,3,599.776664964801,0.07958793640136719
464,Medium,CutPasses,4,599.776664964801,0.06303024291992188
465,Medium,CutPasses,5,599.776664964801,0.06248283386230469
466,Medium,CutPasses,6,599.776664964801,0.07913780212402344
467,Medium,CutPasses,7,599.776664964801,0.06676292419433594
468,Medium,CutPasses,8,599.776664964801,0.06292533874511719
469,Medium,CutPasses,9,599.776664964801,0.06297683715820312
470,Medium,CutPasses,10,599.776664964801,0.0781707763671875
471,Medium,CutPasses,11,599.776664964801,0.0941619873046875
472,Medium,CutPasses,12,599.776664964801,0.06250953674316406
473,Medium,CutPasses,13,599.776664964801,0.09417343139648438
474,Medium,CutPasses,14,599.776664964801,0.06307029724121094
475,Medium,CutPasses,15,599.776664964801,0.07055091857910156
476,Medium,CutPasses,16,599.776664964801,0.06251144409179688
477,Medium,CutPasses,17,599.776664964801,0.07844161987304688
478,Medium,CutPasses,18,599.776664964801,0.06307411193847656
479,Medium,CutPasses,19,599.776664964801,0.06284332275390625
480,Medium,CutPasses,20,599.776664964801,0.06291389465332031
481,Medium,CutPasses,21,599.776664964801,0.06300163269042969
482,Medium,CutPasses,22,599.776664964801,0.06250381469726562
483,Medium,CutPasses,23,599.776664964801,0.07850074768066406
484,Medium,CutPasses,24,599.776664964801,0.06251144409179688
485,Medium,CutPasses,25,599.776664964801,0.06941795349121094
486,Medium,CutPasses,26,599.776664964801,0.06290626525878906
487,Medium,CutPasses,27,599.776664964801,0.06488800048828125
488,Medium,CutPasses,28,599.776664964801,0.06451225280761719
489,Medium,CutPasses,29,599.776664964801,0.046962738037109375
490,Medium,CutPasses,30,599.776664964801,0.06592369079589844
491,Medium,CutPasses,31,599.776664964801,0.06251335144042969
492,Medium,CutPasses,32,599.776664964801,0.06891059875488281
493,Medium,CutPasses,33,599.776664964801,0.07791328430175781
494,Medium,CutPasses,34,599.776664964801,0.04727363586425781
495,Medium,CutPasses,35,599.776664964801,0.04773902893066406
496,Medium,CutPasses,36,599.776664964801,0.06480026245117188
497,Medium,CutPasses,37,599.776664964801,0.050731658935546875
498,Medium,CutPasses,38,599.776664964801,0.12685585021972656
499,Medium,CutPasses,39,599.776664964801,0.05084228515625
500,Medium,CutPasses,40,599.776664964801,0.05899238586425781
501,Medium,CutPasses,41,599.776664964801,0.13592147827148438
502,Medium,CutPasses,42,599.776664964801,0.08638954162597656
503,Medium,CutPasses,43,599.776664964801,0.09082984924316406
504,Medium,CutPasses,44,599.776664964801,0.10554695129394531
505,Medium,CutPasses,45,599.776664964801,0.09417152404785156
506,Medium,CutPasses,46,599.776664964801,0.07873153686523438
507,Medium,CutPasses,47,599.776664964801,0.06510162353515625
508,Medium,CutPasses,48,599.776664964801,0.06891822814941406
509,Medium,CutPasses,49,599.776664964801,0.06288719177246094
510,Medium,CutPasses,50,599.776664964801,0.09655189514160156
511,Medium,CutPasses,51,599.776664964801,0.062488555908203125
512,Medium,CutPasses,52,599.776664964801,0.06314277648925781
513,Medium,CutPasses,53,599.776664964801,0.07245254516601562
514,Medium,CutPasses,54,599.776664964801,0.06308364868164062
515,Medium,CutPasses,55,599.776664964801,0.06250190734863281
516,Medium,CutPasses,56,599.776664964801,0.09675979614257812
517,Medium,CutPasses,57,599.776664964801,0.06299781799316406
518,Medium,CutPasses,58,599.776664964801,0.06250953674316406
519,Medium,CutPasses,59,599.776664964801,0.07805061340332031
520,Medium,CutPasses,60,599.776664964801,0.06290435791015625
521,Medium,CutPasses,61,599.776664964801,0.07486915588378906
522,Medium,CutPasses,62,599.776664964801,0.08452415466308594
523,Medium,CutPasses,63,599.776664964801,0.06099891662597656
524,Medium,CutPasses,64,599.776664964801,0.07928085327148438
525,Medium,CutPasses,65,599.776664964801,0.09962844848632812
526,Medium,CutPasses,66,599.776664964801,0.06250381469726562
527,Medium,CutPasses,67,599.776664964801,0.06808090209960938
528,Medium,CutPasses,68,599.776664964801,0.06251335144042969
529,Medium,CutPasses,69,599.776664964801,0.06465911865234375
530,Medium,CutPasses,70,599.776664964801,0.06251335144042969
531,Medium,CutPasses,71,599.776664964801,0.0785369873046875
532,Medium,CutPasses,72,599.776664964801,0.07854843139648438
533,Medium,CutPasses,73,599.776664964801,0.04730033874511719
534,Medium,CutPasses,74,599.776664964801,0.07853889465332031
535,Medium,CutPasses,75,599.776664964801,0.05689430236816406
536,Medium,CutPasses,76,599.776664964801,0.06308174133300781
537,Medium,CutPasses,77,599.776664964801,0.06298255920410156
538,Medium,CutPasses,78,599.776664964801,0.06781005859375
539,Medium,CutPasses,79,599.776664964801,0.058689117431640625
540,Medium,CutPasses,80,599.776664964801,0.07863044738769531
541,Medium,CutPasses,81,599.776664964801,0.06462287902832031
542,Medium,CutPasses,82,599.776664964801,0.06664276123046875
543,Medium,CutPasses,83,599.776664964801,0.08212852478027344
544,Medium,CutPasses,84,599.776664964801,0.06250953674316406
545,Medium,CutPasses,85,599.776664964801,0.06423377990722656
546,Medium,CutPasses,86,599.776664964801,0.06251335144042969
547,Medium,CutPasses,87,599.776664964801,0.07091522216796875
548,Medium,CutPasses,88,599.776664964801,0.06808280944824219
549,Medium,CutPasses,89,599.776664964801,0.06250381469726562
550,Medium,CutPasses,90,599.776664964801,0.06476783752441406
551,Medium,CutPasses,91,599.776664964801,0.06464958190917969
552,Medium,CutPasses,92,599.776664964801,0.07845687866210938
553,Medium,CutPasses,93,599.776664964801,0.06900215148925781
554,Medium,CutPasses,94,599.776664964801,0.05182075500488281
555,Medium,CutPasses,95,599.776664964801,0.09670066833496094
556,Medium,CutPasses,96,599.776664964801,0.06282424926757812
557,Medium,CutPasses,97,599.776664964801,0.06299591064453125
558,Medium,CutPasses,98,599.776664964801,0.07259941101074219
559,Medium,CutPasses,99,599.776664964801,0.06250762939453125
560,Medium,CutAggPasses,0,599.776664964801,0.06251335144042969
561,Medium,CutAggPasses,1,599.776664964801,0.04728889465332031
562,Medium,CutAggPasses,2,599.776664964801,0.06282424926757812
563,Medium,CutAggPasses,3,599.776664964801,0.06279754638671875
564,Medium,CutAggPasses,4,599.776664964801,0.06551742553710938
565,Medium,CutAggPasses,5,599.776664964801,0.0631103515625
566,Medium,CutAggPasses,6,599.776664964801,0.06541633605957031
567,Medium,CutAggPasses,7,599.776664964801,0.07738494873046875
568,Medium,CutAggPasses,8,599.776664964801,0.08857345581054688
569,Medium,CutAggPasses,9,599.776664964801,0.06299209594726562
570,Medium,CutAggPasses,10,599.776664964801,0.07901573181152344
571,Medium,CutAggPasses,11,599.776664964801,0.059967041015625
572,Medium,CutAggPasses,12,599.776664964801,0.06251144409179688
573,Medium,CutAggPasses,13,599.776664964801,0.087982177734375
574,Medium,CutAggPasses,14,599.776664964801,0.06967926025390625
575,Medium,CutAggPasses,15,599.776664964801,0.06465911865234375
576,Medium,CutAggPasses,16,599.776664964801,0.09097862243652344
577,Medium,CutAggPasses,17,599.776664964801,0.062530517578125
578,Medium,CutAggPasses,18,599.776664964801,0.0630035400390625
579,Medium,CutAggPasses,19,599.776664964801,0.06441879272460938
580,Medium,CutAggPasses,20,599.776664964801,0.0540313720703125
581,Medium,CutAggPasses,21,599.776664964801,0.06100273132324219
582,Medium,CutAggPasses,22,599.776664964801,0.05990409851074219
583,Medium,CutAggPasses,23,599.776664964801,0.080963134765625
584,Medium,CutAggPasses,24,599.776664964801,0.06299209594726562
585,Medium,CutAggPasses,25,599.776664964801,0.06818771362304688
586,Medium,CutAggPasses,26,599.776664964801,0.07813835144042969
587,Medium,CutAggPasses,27,599.776664964801,0.06438446044921875
588,Medium,CutAggPasses,28,599.776664964801,0.06448745727539062
589,Medium,CutAggPasses,29,599.776664964801,0.077056884765625
590,Medium,CutAggPasses,30,599.776664964801,0.05615234375
591,Medium,CutAggPasses,31,599.776664964801,0.06250953674316406
592,Medium,CutAggPasses,32,599.776664964801,0.064788818359375
593,Medium,CutAggPasses,33,599.776664964801,0.047454833984375
594,Medium,CutAggPasses,34,599.776664964801,0.06447029113769531
595,Medium,CutAggPasses,35,599.776664964801,0.08115196228027344
596,Medium,CutAggPasses,36,599.776664964801,0.06771659851074219
597,Medium,CutAggPasses,37,599.776664964801,0.04869842529296875
598,Medium,CutAggPasses,38,599.776664964801,0.0625
599,Medium,CutAggPasses,39,599.776664964801,0.06707763671875
600,Medium,CutAggPasses,40,599.776664964801,0.061008453369140625
601,Medium,CutAggPasses,41,599.776664964801,0.083953857421875
602,Medium,CutAggPasses,42,599.776664964801,0.07381248474121094
603,Medium,CutAggPasses,43,599.776664964801,0.08791542053222656
604,Medium,CutAggPasses,44,599.776664964801,0.0786285400390625
605,Medium,CutAggPasses,45,599.776664964801,0.07864761352539062
606,Medium,CutAggPasses,46,599.776664964801,0.06107139587402344
607,Medium,CutAggPasses,47,599.776664964801,0.08788108825683594
608,Medium,CutAggPasses,48,599.776664964801,0.06744003295898438
609,Medium,CutAggPasses,49,599.776664964801,0.08203697204589844
610,Medium,CutAggPasses,50,599.776664964801,0.07276725769042969
611,Medium,CutAggPasses,51,599.776664964801,0.06983757019042969
612,Medium,CutAggPasses,52,599.776664964801,0.07405853271484375
613,Medium,CutAggPasses,53,599.776664964801,0.06291961669921875
614,Medium,CutAggPasses,54,599.776664964801,0.07849884033203125
615,Medium,CutAggPasses,55,599.776664964801,0.078460693359375
616,Medium,CutAggPasses,56,599.776664964801,0.0595855712890625
617,Medium,CutAggPasses,57,599.776664964801,0.09329605102539062
618,Medium,CutAggPasses,58,599.776664964801,0.06122016906738281
619,Medium,CutAggPasses,59,599.776664964801,0.07245445251464844
620,Medium,CutAggPasses,60,599.776664964801,0.06465721130371094
621,Medium,CutAggPasses,61,599.776664964801,0.06316184997558594
622,Medium,CutAggPasses,62,599.776664964801,0.07491111755371094
623,Medium,CutAggPasses,63,599.776664964801,0.06295585632324219
624,Medium,CutAggPasses,64,599.776664964801,0.06200599670410156
625,Medium,CutAggPasses,65,599.776664964801,0.06593513488769531
626,Medium,CutAggPasses,66,599.776664964801,0.0804901123046875
627,Medium,CutAggPasses,67,599.776664964801,0.06631660461425781
628,Medium,CutAggPasses,68,599.776664964801,0.06738662719726562
629,Medium,CutAggPasses,69,599.776664964801,0.06515312194824219
630,Medium,CutAggPasses,70,599.776664964801,0.05219841003417969
631,Medium,CutAggPasses,71,599.776664964801,0.06604385375976562
632,Medium,CutAggPasses,72,599.776664964801,0.0625152587890625
633,Medium,CutAggPasses,73,599.776664964801,0.0701904296875
634,Medium,CutAggPasses,74,599.776664964801,0.06556320190429688
635,Medium,CutAggPasses,75,599.776664964801,0.08127593994140625
636,Medium,CutAggPasses,76,599.776664964801,0.05574607849121094
637,Medium,CutAggPasses,77,599.776664964801,0.05189323425292969
638,Medium,CutAggPasses,78,599.776664964801,0.06500053405761719
639,Medium,CutAggPasses,79,599.776664964801,0.07183837890625
640,Medium,CutAggPasses,80,599.776664964801,0.05486297607421875
641,Medium,CutAggPasses,81,599.776664964801,0.05502128601074219
642,Medium,CutAggPasses,82,599.776664964801,0.07520103454589844
643,Medium,CutAggPasses,83,599.776664964801,0.04744720458984375
644,Medium,CutAggPasses,84,599.776664964801,0.06868743896484375
645,Medium,CutAggPasses,85,599.776664964801,0.07451820373535156
646,Medium,CutAggPasses,86,599.776664964801,0.06587028503417969
647,Medium,CutAggPasses,87,599.776664964801,0.06525230407714844
648,Medium,CutAggPasses,88,599.776664964801,0.06758308410644531
649,Medium,CutAggPasses,89,599.776664964801,0.07221603393554688
650,Medium,CutAggPasses,90,599.776664964801,0.0637969970703125
651,Medium,CutAggPasses,91,599.776664964801,0.06302642822265625
652,Medium,CutAggPasses,92,599.776664964801,0.11536979675292969
653,Medium,CutAggPasses,93,599.776664964801,0.06190299987792969
654,Medium,CutAggPasses,94,599.776664964801,0.06303215026855469
655,Medium,CutAggPasses,95,599.776664964801,0.06569862365722656
656,Medium,CutAggPasses,96,599.776664964801,0.06284523010253906
657,Medium,CutAggPasses,97,599.776664964801,0.04729461669921875
658,Medium,CutAggPasses,98,599.776664964801,0.04738044738769531
659,Medium,CutAggPasses,99,599.776664964801,0.06290054321289062
660,Medium,GomoryPasses,0,599.776664964801,0.06290435791015625
661,Medium,GomoryPasses,1,599.776664964801,0.09416580200195312
662,Medium,GomoryPasses,2,599.776664964801,0.05104827880859375
663,Medium,GomoryPasses,3,599.776664964801,0.046886444091796875
664,Medium,GomoryPasses,4,599.776664964801,0.08001708984375
665,Medium,GomoryPasses,5,599.776664964801,0.05154609680175781
666,Medium,GomoryPasses,6,599.776664964801,0.06247901916503906
667,Medium,GomoryPasses,7,599.776664964801,0.06251144409179688
668,Medium,GomoryPasses,8,599.776664964801,0.06264686584472656
669,Medium,GomoryPasses,9,599.776664964801,0.04826545715332031
670,Medium,GomoryPasses,10,599.776664964801,0.06334495544433594
671,Medium,GomoryPasses,11,599.776664964801,0.04990577697753906
672,Medium,GomoryPasses,12,599.776664964801,0.06310462951660156
673,Medium,GomoryPasses,13,599.776664964801,0.06281089782714844
674,Medium,GomoryPasses,14,599.776664964801,0.06172943115234375
675,Medium,GomoryPasses,15,599.776664964801,0.06906509399414062
676,Medium,GomoryPasses,16,599.776664964801,0.06328010559082031
677,Medium,GomoryPasses,17,599.776664964801,0.069427490234375
678,Medium,GomoryPasses,18,599.776664964801,0.123626708984375
679,Medium,GomoryPasses,19,599.776664964801,0.05724334716796875
680,Medium,GomoryPasses,20,599.776664964801,0.07894325256347656
681,Medium,GomoryPasses,21,599.776664964801,0.113525390625
682,Medium,GomoryPasses,22,599.776664964801,0.09465599060058594
683,Medium,GomoryPasses,23,599.776664964801,0.06293296813964844
684,Medium,GomoryPasses,24,599.776664964801,0.06136131286621094
685,Medium,GomoryPasses,25,599.776664964801,0.06278038024902344
686,Medium,GomoryPasses,26,599.776664964801,0.09652900695800781
687,Medium,GomoryPasses,27,599.776664964801,0.04913330078125
688,Medium,GomoryPasses,28,599.776664964801,0.0621795654296875
689,Medium,GomoryPasses,29,599.776664964801,0.06292724609375
690,Medium,GomoryPasses,30,599.776664964801,0.06283760070800781
691,Medium,GomoryPasses,31,599.776664964801,0.06451225280761719
692,Medium,GomoryPasses,32,599.776664964801,0.08127403259277344
693,Medium,GomoryPasses,33,599.776664964801,0.07280731201171875
694,Medium,GomoryPasses,34,599.776664964801,0.07394027709960938
695,Medium,GomoryPasses,35,599.776664964801,0.07503890991210938
696,Medium,GomoryPasses,36,599.776664964801,0.06581497192382812
697,Medium,GomoryPasses,37,599.776664964801,0.04843711853027344
698,Medium,GomoryPasses,38,599.776664964801,0.06291580200195312
699,Medium,GomoryPasses,39,599.776664964801,0.06588554382324219
700,Medium,GomoryPasses,40,599.776664964801,0.06404685974121094
701,Medium,GomoryPasses,41,599.776664964801,0.05171394348144531
702,Medium,GomoryPasses,42,599.776664964801,0.0693359375
703,Medium,GomoryPasses,43,599.776664964801,0.06637954711914062
704,Medium,GomoryPasses,44,599.776664964801,0.061321258544921875
705,Medium,GomoryPasses,45,599.776664964801,0.06368827819824219
706,Medium,GomoryPasses,46,599.776664964801,0.07924461364746094
707,Medium,GomoryPasses,47,599.776664964801,0.06634521484375
708,Medium,GomoryPasses,48,599.776664964801,0.0735626220703125
709,Medium,GomoryPasses,49,599.776664964801,0.09119987487792969
710,Medium,GomoryPasses,50,599.776664964801,0.07177734375
711,Medium,GomoryPasses,51,599.776664964801,0.07498359680175781
712,Medium,GomoryPasses,52,599.776664964801,0.06091499328613281
713,Medium,GomoryPasses,53,599.776664964801,0.05898857116699219
714,Medium,GomoryPasses,54,599.776664964801,0.06595611572265625
715,Medium,GomoryPasses,55,599.776664964801,0.05662727355957031
716,Medium,GomoryPasses,56,599.776664964801,0.07007408142089844
717,Medium,GomoryPasses,57,599.776664964801,0.06139564514160156
718,Medium,GomoryPasses,58,599.776664964801,0.05951690673828125
719,Medium,GomoryPasses,59,599.776664964801,0.06794166564941406
720,Medium,GomoryPasses,60,599.776664964801,0.0731658935546875
721,Medium,GomoryPasses,61,599.776664964801,0.045654296875
722,Medium,GomoryPasses,62,599.776664964801,0.07503509521484375
723,Medium,GomoryPasses,63,599.776664964801,0.0645294189453125
724,Medium,GomoryPasses,64,599.776664964801,0.06485748291015625
725,Medium,GomoryPasses,65,599.776664964801,0.053558349609375
726,Medium,GomoryPasses,66,599.776664964801,0.06611442565917969
727,Medium,GomoryPasses,67,599.776664964801,0.0431976318359375
728,Medium,GomoryPasses,68,599.776664964801,0.05884361267089844
729,Medium,GomoryPasses,69,599.776664964801,0.07248306274414062
730,Medium,GomoryPasses,70,599.776664964801,0.05642127990722656
731,Medium,GomoryPasses,71,599.776664964801,0.06069755554199219
732,Medium,GomoryPasses,72,599.776664964801,0.06333541870117188
733,Medium,GomoryPasses,73,599.776664964801,0.07198905944824219
734,Medium,GomoryPasses,74,599.776664964801,0.06251335144042969
735,Medium,GomoryPasses,75,599.776664964801,0.04836845397949219
736,Medium,GomoryPasses,76,599.776664964801,0.07832717895507812
737,Medium,GomoryPasses,77,599.776664964801,0.053791046142578125
738,Medium,GomoryPasses,78,599.776664964801,0.04998588562011719
739,Medium,GomoryPasses,79,599.776664964801,0.08252143859863281
740,Medium,GomoryPasses,80,599.776664964801,0.06251144409179688
741,Medium,GomoryPasses,81,599.776664964801,0.0785369873046875
742,Medium,GomoryPasses,82,599.776664964801,0.07575798034667969
743,Medium,GomoryPasses,83,599.776664964801,0.06289291381835938
744,Medium,GomoryPasses,84,599.776664964801,0.06090354919433594
745,Medium,GomoryPasses,85,599.776664964801,0.07813453674316406
746,Medium,GomoryPasses,86,599.776664964801,0.07848548889160156
747,Medium,GomoryPasses,87,599.776664964801,0.06199836730957031
748,Medium,GomoryPasses,88,599.776664964801,0.07867240905761719
749,Medium,GomoryPasses,89,599.776664964801,0.07853317260742188
750,Medium,GomoryPasses,90,599.776664964801,0.08697509765625
751,Medium,GomoryPasses,91,599.776664964801,0.078277587890625
752,Medium,GomoryPasses,92,599.776664964801,0.09074020385742188
753,Medium,GomoryPasses,93,599.776664964801,0.12574386596679688
754,Medium,GomoryPasses,94,599.776664964801,0.06755256652832031
755,Medium,GomoryPasses,95,599.776664964801,0.07300949096679688
756,Medium,GomoryPasses,96,599.776664964801,0.13025283813476562
757,Medium,GomoryPasses,97,599.776664964801,0.07345771789550781
758,Medium,GomoryPasses,98,599.776664964801,0.07152557373046875
759,Medium,GomoryPasses,99,599.776664964801,0.10507583618164062
760,Large,BQPCuts,-1,644.067357975807,0.16659164428710938
761,Large,BQPCuts,0,644.067357975807,0.08157157897949219
762,Large,BQPCuts,1,644.067357975807,0.07887458801269531
763,Large,BQPCuts,2,644.067357975807,0.20326614379882812
764,Large,CliqueCuts,-1,644.067357975807,0.08435249328613281
765,Large,CliqueCuts,0,644.067357975807,0.11252212524414062
766,Large,CliqueCuts,1,644.067357975807,0.14164352416992188
767,Large,CliqueCuts,2,644.067357975807,0.10003280639648438
768,Large,CoverCuts,-1,644.067357975807,0.09852409362792969
769,Large,CoverCuts,0,644.067357975807,0.07525444030761719
770,Large,CoverCuts,1,644.067357975807,0.0863800048828125
771,Large,CoverCuts,2,644.067357975807,0.14989471435546875
772,Large,FlowCoverCuts,-1,644.067357975807,0.10152244567871094
773,Large,FlowCoverCuts,0,644.067357975807,0.09054946899414062
774,Large,FlowCoverCuts,1,644.067357975807,0.07636451721191406
775,Large,FlowCoverCuts,2,644.067357975807,0.09015274047851562
776,Large,FlowPathCuts,-1,644.067357975807,0.07740974426269531
777,Large,FlowPathCuts,0,644.067357975807,0.07480812072753906
778,Large,FlowPathCuts,1,644.067357975807,0.07823944091796875
779,Large,FlowPathCuts,2,644.067357975807,0.07501029968261719
780,Large,GUBCoverCuts,-1,644.067357975807,0.07620811462402344
781,Large,GUBCoverCuts,0,644.067357975807,0.07451820373535156
782,Large,GUBCoverCuts,1,644.067357975807,0.08307647705078125
783,Large,GUBCoverCuts,2,644.067357975807,0.07969474792480469
784,Large,ImpliedCuts,-1,644.067357975807,0.08379936218261719
785,Large,ImpliedCuts,0,644.067357975807,0.08748435974121094
786,Large,ImpliedCuts,1,644.067357975807,0.0855255126953125
787,Large,ImpliedCuts,2,644.067357975807,0.07624626159667969
788,Large,InfProofCuts,-1,644.067357975807,0.07601547241210938
789,Large,InfProofCuts,0,644.067357975807,0.07810211181640625
790,Large,InfProofCuts,1,644.067357975807,0.07861518859863281
791,Large,InfProofCuts,2,644.067357975807,0.07502937316894531
792,Large,LiftProjectCuts,-1,644.067357975807,0.07254600524902344
793,Large,LiftProjectCuts,0,644.067357975807,0.07367324829101562
794,Large,LiftProjectCuts,1,644.067357975807,0.07432746887207031
795,Large,LiftProjectCuts,2,644.067357975807,0.08240699768066406
796,Large,MIPSepCuts,-1,644.067357975807,0.07516098022460938
797,Large,MIPSepCuts,0,644.067357975807,0.07932853698730469
798,Large,MIPSepCuts,1,644.067357975807,0.11556434631347656
799,Large,MIPSepCuts,2,644.067357975807,0.07479286193847656
800,Large,MIRCuts,-1,644.067357975807,0.074798583984375
801,Large,MIRCuts,0,644.067357975807,0.07422828674316406
802,Large,MIRCuts,1,644.067357975807,0.10234642028808594
803,Large,MIRCuts,2,644.067357975807,0.07679176330566406
804,Large,ModKCuts,-1,644.067357975807,0.14548301696777344
805,Large,ModKCuts,0,644.067357975807,0.12003135681152344
806,Large,ModKCuts,1,644.067357975807,0.09152030944824219
807,Large,ModKCuts,2,644.067357975807,0.07773208618164062
808,Large,NetworkCuts,-1,644.067357975807,0.10550689697265625
809,Large,NetworkCuts,0,644.067357975807,0.07670974731445312
810,Large,NetworkCuts,1,644.067357975807,0.08559799194335938
811,Large,NetworkCuts,2,644.067357975807,0.07501411437988281
812,Large,ProjImpliedCuts,-1,644.067357975807,0.07762527465820312
813,Large,ProjImpliedCuts,0,644.067357975807,0.08255958557128906
814,Large,ProjImpliedCuts,1,644.067357975807,0.07530403137207031
815,Large,ProjImpliedCuts,2,644.067357975807,0.07368087768554688
816,Large,PSDCuts,-1,644.067357975807,0.07350349426269531
817,Large,PSDCuts,0,644.067357975807,0.07600975036621094
818,Large,PSDCuts,1,644.067357975807,0.07599830627441406
819,Large,PSDCuts,2,644.067357975807,0.07401275634765625
820,Large,RelaxLiftCuts,-1,644.067357975807,0.07369232177734375
821,Large,RelaxLiftCuts,0,644.067357975807,0.09109115600585938
822,Large,RelaxLiftCuts,1,644.067357975807,0.091522216796875
823,Large,RelaxLiftCuts,2,644.067357975807,0.07262992858886719
824,Large,RLTCuts,-1,644.067357975807,0.07439422607421875
825,Large,RLTCuts,0,644.067357975807,0.0755157470703125
826,Large,RLTCuts,1,644.067357975807,0.07664299011230469
827,Large,RLTCuts,2,644.067357975807,0.1881122589111328
828,Large,StrongCGCuts,-1,644.067357975807,0.10173988342285156
829,Large,StrongCGCuts,0,644.067357975807,0.10454750061035156
830,Large,StrongCGCuts,1,644.067357975807,0.09555435180664062
831,Large,StrongCGCuts,2,644.067357975807,0.09555435180664062
832,Large,SubMIPCuts,-1,644.067357975807,0.119537353515625
833,Large,SubMIPCuts,0,644.067357975807,0.09670257568359375
834,Large,SubMIPCuts,1,644.067357975807,0.11279869079589844
835,Large,SubMIPCuts,2,644.067357975807,0.09311676025390625
836,Large,ZeroHalfCuts,-1,644.067357975807,0.08683395385742188
837,Large,ZeroHalfCuts,0,644.067357975807,0.11013031005859375
838,Large,ZeroHalfCuts,1,644.067357975807,0.18732833862304688
839,Large,ZeroHalfCuts,2,644.067357975807,0.09142684936523438
840,Large,CutPasses,0,644.067357975807,0.11386299133300781
841,Large,CutPasses,1,644.067357975807,0.1020050048828125
842,Large,CutPasses,2,644.067357975807,0.08831787109375
843,Large,CutPasses,3,644.067357975807,0.08658027648925781
844,Large,CutPasses,4,644.067357975807,0.1337108612060547
845,Large,CutPasses,5,644.067357975807,0.0888214111328125
846,Large,CutPasses,6,644.067357975807,0.09406089782714844
847,Large,CutPasses,7,644.067357975807,0.10029220581054688
848,Large,CutPasses,8,644.067357975807,0.14144134521484375
849,Large,CutPasses,9,644.067357975807,0.11076927185058594
850,Large,CutPasses,10,644.067357975807,0.11986923217773438
851,Large,CutPasses,11,644.067357975807,0.10276031494140625
852,Large,CutPasses,12,644.067357975807,0.07814407348632812
853,Large,CutPasses,13,644.067357975807,0.09575462341308594
854,Large,CutPasses,14,644.067357975807,0.10979461669921875
855,Large,CutPasses,15,644.067357975807,0.09407997131347656
856,Large,CutPasses,16,644.067357975807,0.09006309509277344
857,Large,CutPasses,17,644.067357975807,0.09427642822265625
858,Large,CutPasses,18,644.067357975807,0.1260242462158203
859,Large,CutPasses,19,644.067357975807,0.11721038818359375
860,Large,CutPasses,20,644.067357975807,0.10435867309570312
861,Large,CutPasses,21,644.067357975807,0.21138381958007812
862,Large,CutPasses,22,644.067357975807,0.16034889221191406
863,Large,CutPasses,23,644.067357975807,0.17564964294433594
864,Large,CutPasses,24,644.067357975807,0.17887306213378906
865,Large,CutPasses,25,644.067357975807,0.12543106079101562
866,Large,CutPasses,26,644.067357975807,0.10450553894042969
867,Large,CutPasses,27,644.067357975807,0.08805465698242188
868,Large,CutPasses,28,644.067357975807,0.10013580322265625
869,Large,CutPasses,29,644.067357975807,0.089569091796875
870,Large,CutPasses,30,644.067357975807,0.0980682373046875
871,Large,CutPasses,31,644.067357975807,0.12288284301757812
872,Large,CutPasses,32,644.067357975807,0.10640907287597656
873,Large,CutPasses,33,644.067357975807,0.09440994262695312
874,Large,CutPasses,34,644.067357975807,0.12582778930664062
875,Large,CutPasses,35,644.067357975807,0.17269515991210938
876,Large,CutPasses,36,644.067357975807,0.09417343139648438
877,Large,CutPasses,37,644.067357975807,0.10995101928710938
878,Large,CutPasses,38,644.067357975807,0.10037422180175781
879,Large,CutPasses,39,644.067357975807,0.09861564636230469
880,Large,CutPasses,40,644.067357975807,0.08771324157714844
881,Large,CutPasses,41,644.067357975807,0.09902763366699219
882,Large,CutPasses,42,644.067357975807,0.09523582458496094
883,Large,CutPasses,43,644.067357975807,0.10064888000488281
884,Large,CutPasses,44,644.067357975807,0.1266460418701172
885,Large,CutPasses,45,644.067357975807,0.11179542541503906
886,Large,CutPasses,46,644.067357975807,0.10443115234375
887,Large,CutPasses,47,644.067357975807,0.11075592041015625
888,Large,CutPasses,48,644.067357975807,0.1006622314453125
889,Large,CutPasses,49,644.067357975807,0.08634567260742188
890,Large,CutPasses,50,644.067357975807,0.09666252136230469
891,Large,CutPasses,51,644.067357975807,0.08456611633300781
892,Large,CutPasses,52,644.067357975807,0.10141372680664062
893,Large,CutPasses,53,644.067357975807,0.11150741577148438
894,Large,CutPasses,54,644.067357975807,0.0827178955078125
895,Large,CutPasses,55,644.067357975807,0.09304618835449219
896,Large,CutPasses,56,644.067357975807,0.0930023193359375
897,Large,CutPasses,57,644.067357975807,0.1209259033203125
898,Large,CutPasses,58,644.067357975807,0.09903526306152344
899,Large,CutPasses,59,644.067357975807,0.08429527282714844
900,Large,CutPasses,60,644.067357975807,0.09285163879394531
901,Large,CutPasses,61,644.067357975807,0.07825088500976562
902,Large,CutPasses,62,644.067357975807,0.08195686340332031
903,Large,CutPasses,63,644.067357975807,0.07612991333007812
904,Large,CutPasses,64,644.067357975807,0.10699844360351562
905,Large,CutPasses,65,644.067357975807,0.08131599426269531
906,Large,CutPasses,66,644.067357975807,0.09105682373046875
907,Large,CutPasses,67,644.067357975807,0.10322380065917969
908,Large,CutPasses,68,644.067357975807,0.08526611328125
909,Large,CutPasses,69,644.067357975807,0.08708381652832031
910,Large,CutPasses,70,644.067357975807,0.08830070495605469
911,Large,CutPasses,71,644.067357975807,0.09676551818847656
912,Large,CutPasses,72,644.067357975807,0.07794761657714844
913,Large,CutPasses,73,644.067357975807,0.09734535217285156
914,Large,CutPasses,74,644.067357975807,0.09151840209960938
915,Large,CutPasses,75,644.067357975807,0.11447525024414062
916,Large,CutPasses,76,644.067357975807,0.14155197143554688
917,Large,CutPasses,77,644.067357975807,0.1595611572265625
918,Large,CutPasses,78,644.067357975807,0.08705711364746094
919,Large,CutPasses,79,644.067357975807,0.07818984985351562
920,Large,CutPasses,80,644.067357975807,0.08621406555175781
921,Large,CutPasses,81,644.067357975807,0.08038330078125
922,Large,CutPasses,82,644.067357975807,0.14853286743164062
923,Large,CutPasses,83,644.067357975807,0.18074607849121094
924,Large,CutPasses,84,644.067357975807,0.08219718933105469
925,Large,CutPasses,85,644.067357975807,0.08062553405761719
926,Large,CutPasses,86,644.067357975807,0.09284782409667969
927,Large,CutPasses,87,644.067357975807,0.10790443420410156
928,Large,CutPasses,88,644.067357975807,0.14351463317871094
929,Large,CutPasses,89,644.067357975807,0.08521842956542969
930,Large,CutPasses,90,644.067357975807,0.078521728515625
931,Large,CutPasses,91,644.067357975807,0.07624435424804688
932,Large,CutPasses,92,644.067357975807,0.11310195922851562
933,Large,CutPasses,93,644.067357975807,0.08019828796386719
934,Large,CutPasses,94,644.067357975807,0.0766448974609375
935,Large,CutPasses,95,644.067357975807,0.07752037048339844
936,Large,CutPasses,96,644.067357975807,0.08634185791015625
937,Large,CutPasses,97,644.067357975807,0.11933517456054688
938,Large,CutPasses,98,644.067357975807,0.08678245544433594
939,Large,CutPasses,99,644.067357975807,0.07900428771972656
940,Large,CutAggPasses,0,644.067357975807,0.16661453247070312
941,Large,CutAggPasses,1,644.067357975807,0.09000778198242188
942,Large,CutAggPasses,2,644.067357975807,0.08905220031738281
943,Large,CutAggPasses,3,644.067357975807,0.08101081848144531
944,Large,CutAggPasses,4,644.067357975807,0.07847213745117188
945,Large,CutAggPasses,5,644.067357975807,0.10552978515625
946,Large,CutAggPasses,6,644.067357975807,0.09599876403808594
947,Large,CutAggPasses,7,644.067357975807,0.11005401611328125
948,Large,CutAggPasses,8,644.067357975807,0.10992240905761719
949,Large,CutAggPasses,9,644.067357975807,0.1378803253173828
950,Large,CutAggPasses,10,644.067357975807,0.09366798400878906
951,Large,CutAggPasses,11,644.067357975807,0.08016014099121094
952,Large,CutAggPasses,12,644.067357975807,0.11017227172851562
953,Large,CutAggPasses,13,644.067357975807,0.09382438659667969
954,Large,CutAggPasses,14,644.067357975807,0.1814556121826172
955,Large,CutAggPasses,15,644.067357975807,0.10983467102050781
956,Large,CutAggPasses,16,644.067357975807,0.10995292663574219
957,Large,CutAggPasses,17,644.067357975807,0.10982513427734375
958,Large,CutAggPasses,18,644.067357975807,0.07852554321289062
959,Large,CutAggPasses,19,644.067357975807,0.1587390899658203
960,Large,CutAggPasses,20,644.067357975807,0.09065628051757812
961,Large,CutAggPasses,21,644.067357975807,0.07852935791015625
962,Large,CutAggPasses,22,644.067357975807,0.06233406066894531
963,Large,CutAggPasses,23,644.067357975807,0.0736236572265625
964,Large,CutAggPasses,24,644.067357975807,0.09552383422851562
965,Large,CutAggPasses,25,644.067357975807,0.10568428039550781
966,Large,CutAggPasses,26,644.067357975807,0.10053443908691406
967,Large,CutAggPasses,27,644.067357975807,0.16783714294433594
968,Large,CutAggPasses,28,644.067357975807,0.21506690979003906
969,Large,CutAggPasses,29,644.067357975807,0.10052680969238281
970,Large,CutAggPasses,30,644.067357975807,0.11054039001464844
971,Large,CutAggPasses,31,644.067357975807,0.09326553344726562
972,Large,CutAggPasses,32,644.067357975807,0.21462249755859375
973,Large,CutAggPasses,33,644.067357975807,0.081756591796875
974,Large,CutAggPasses,34,644.067357975807,0.09481048583984375
975,Large,CutAggPasses,35,644.067357975807,0.0747833251953125
976,Large,CutAggPasses,36,644.067357975807,0.07586669921875
977,Large,CutAggPasses,37,644.067357975807,0.07825851440429688
978,Large,CutAggPasses,38,644.067357975807,0.080657958984375
979,Large,CutAggPasses,39,644.067357975807,0.14270401000976562
980,Large,CutAggPasses,40,644.067357975807,0.08926010131835938
981,Large,CutAggPasses,41,644.067357975807,0.09185028076171875
982,Large,CutAggPasses,42,644.067357975807,0.08516311645507812
983,Large,CutAggPasses,43,644.067357975807,0.08041191101074219
984,Large,CutAggPasses,44,644.067357975807,0.09223747253417969
985,Large,CutAggPasses,45,644.067357975807,0.07600784301757812
986,Large,CutAggPasses,46,644.067357975807,0.09071922302246094
987,Large,CutAggPasses,47,644.067357975807,0.08772659301757812
988,Large,CutAggPasses,48,644.067357975807,0.11854362487792969
989,Large,CutAggPasses,49,644.067357975807,0.10779571533203125
990,Large,CutAggPasses,50,644.067357975807,0.08042335510253906
991,Large,CutAggPasses,51,644.067357975807,0.08518791198730469
992,Large,CutAggPasses,52,644.067357975807,0.08996772766113281
993,Large,CutAggPasses,53,644.067357975807,0.08008956909179688
994,Large,CutAggPasses,54,644.067357975807,0.09127998352050781
995,Large,CutAggPasses,55,644.067357975807,0.10892295837402344
996,Large,CutAggPasses,56,644.067357975807,0.108123779296875
997,Large,CutAggPasses,57,644.067357975807,0.19310760498046875
998,Large,CutAggPasses,58,644.067357975807,0.1000823974609375
999,Large,CutAggPasses,59,644.067357975807,0.08912086486816406
1000,Large,CutAggPasses,60,644.067357975807,0.08173179626464844
1001,Large,CutAggPasses,61,644.067357975807,0.11750411987304688
1002,Large,CutAggPasses,62,644.067357975807,0.10890960693359375
1003,Large,CutAggPasses,63,644.067357975807,0.1338653564453125
1004,Large,CutAggPasses,64,644.067357975807,0.08117294311523438
1005,Large,CutAggPasses,65,644.067357975807,0.09940719604492188
1006,Large,CutAggPasses,66,644.067357975807,0.1102447509765625
1007,Large,CutAggPasses,67,644.067357975807,0.1062469482421875
1008,Large,CutAggPasses,68,644.067357975807,0.10997200012207031
1009,Large,CutAggPasses,69,644.067357975807,0.08923721313476562
1010,Large,CutAggPasses,70,644.067357975807,0.1549663543701172
1011,Large,CutAggPasses,71,644.067357975807,0.09899711608886719
1012,Large,CutAggPasses,72,644.067357975807,0.10052299499511719
1013,Large,CutAggPasses,73,644.067357975807,0.09612274169921875
1014,Large,CutAggPasses,74,644.067357975807,0.11556434631347656
1015,Large,CutAggPasses,75,644.067357975807,0.08079910278320312
1016,Large,CutAggPasses,76,644.067357975807,0.08633613586425781
1017,Large,CutAggPasses,77,644.067357975807,0.08357429504394531
1018,Large,CutAggPasses,78,644.067357975807,0.07696914672851562
1019,Large,CutAggPasses,79,644.067357975807,0.08019447326660156
1020,Large,CutAggPasses,80,644.067357975807,0.08126640319824219
1021,Large,CutAggPasses,81,644.067357975807,0.12353515625
1022,Large,CutAggPasses,82,644.067357975807,0.10955619812011719
1023,Large,CutAggPasses,83,644.067357975807,0.1007232666015625
1024,Large,CutAggPasses,84,644.067357975807,0.09953689575195312
1025,Large,CutAggPasses,85,644.067357975807,0.10325050354003906
1026,Large,CutAggPasses,86,644.067357975807,0.10155677795410156
1027,Large,CutAggPasses,87,644.067357975807,0.07732009887695312
1028,Large,CutAggPasses,88,644.067357975807,0.07933425903320312
1029,Large,CutAggPasses,89,644.067357975807,0.14756011962890625
1030,Large,CutAggPasses,90,644.067357975807,0.10654258728027344
1031,Large,CutAggPasses,91,644.067357975807,0.15152359008789062
1032,Large,CutAggPasses,92,644.067357975807,0.1115264892578125
1033,Large,CutAggPasses,93,644.067357975807,0.15178871154785156
1034,Large,CutAggPasses,94,644.067357975807,0.08374214172363281
1035,Large,CutAggPasses,95,644.067357975807,0.11418533325195312
1036,Large,CutAggPasses,96,644.067357975807,0.07892608642578125
1037,Large,CutAggPasses,97,644.067357975807,0.08504867553710938
1038,Large,CutAggPasses,98,644.067357975807,0.083404541015625
1039,Large,CutAggPasses,99,644.067357975807,0.09654045104980469
1040,Large,GomoryPasses,0,644.067357975807,0.08130645751953125
1041,Large,GomoryPasses,1,644.067357975807,0.09386634826660156
1042,Large,GomoryPasses,2,644.067357975807,0.09653091430664062
1043,Large,GomoryPasses,3,644.067357975807,0.10662269592285156
1044,Large,GomoryPasses,4,644.067357975807,0.10453605651855469
1045,Large,GomoryPasses,5,644.067357975807,0.10252952575683594
1046,Large,GomoryPasses,6,644.067357975807,0.10096359252929688
1047,Large,GomoryPasses,7,644.067357975807,0.07764434814453125
1048,Large,GomoryPasses,8,644.067357975807,0.08154487609863281
1049,Large,GomoryPasses,9,644.067357975807,0.08995628356933594
1050,Large,GomoryPasses,10,644.067357975807,0.10821342468261719
1051,Large,GomoryPasses,11,644.067357975807,0.08044242858886719
1052,Large,GomoryPasses,12,644.067357975807,0.09200859069824219
1053,Large,GomoryPasses,13,644.067357975807,0.10091400146484375
1054,Large,GomoryPasses,14,644.067357975807,0.08943939208984375
1055,Large,GomoryPasses,15,644.067357975807,0.08513069152832031
1056,Large,GomoryPasses,16,644.067357975807,0.10313987731933594
1057,Large,GomoryPasses,17,644.067357975807,0.09383392333984375
1058,Large,GomoryPasses,18,644.067357975807,0.15117645263671875
1059,Large,GomoryPasses,19,644.067357975807,0.07969474792480469
1060,Large,GomoryPasses,20,644.067357975807,0.08434867858886719
1061,Large,GomoryPasses,21,644.067357975807,0.07894706726074219
1062,Large,GomoryPasses,22,644.067357975807,0.08680152893066406
1063,Large,GomoryPasses,23,644.067357975807,0.08926582336425781
1064,Large,GomoryPasses,24,644.067357975807,0.08000373840332031
1065,Large,GomoryPasses,25,644.067357975807,0.08075141906738281
1066,Large,GomoryPasses,26,644.067357975807,0.1410808563232422
1067,Large,GomoryPasses,27,644.067357975807,0.07860755920410156
1068,Large,GomoryPasses,28,644.067357975807,0.08025741577148438
1069,Large,GomoryPasses,29,644.067357975807,0.08273506164550781
1070,Large,GomoryPasses,30,644.067357975807,0.08834648132324219
1071,Large,GomoryPasses,31,644.067357975807,0.07623100280761719
1072,Large,GomoryPasses,32,644.067357975807,0.07789802551269531
1073,Large,GomoryPasses,33,644.067357975807,0.110107421875
1074,Large,GomoryPasses,34,644.067357975807,0.09998512268066406
1075,Large,GomoryPasses,35,644.067357975807,0.1279315948486328
1076,Large,GomoryPasses,36,644.067357975807,0.117218017578125
1077,Large,GomoryPasses,37,644.067357975807,0.2140674591064453
1078,Large,GomoryPasses,38,644.067357975807,0.09028053283691406
1079,Large,GomoryPasses,39,644.067357975807,0.09346389770507812
1080,Large,GomoryPasses,40,644.067357975807,0.0963287353515625
1081,Large,GomoryPasses,41,644.067357975807,0.07851600646972656
1082,Large,GomoryPasses,42,644.067357975807,0.10979843139648438
1083,Large,GomoryPasses,43,644.067357975807,0.15650367736816406
1084,Large,GomoryPasses,44,644.067357975807,0.11145210266113281
1085,Large,GomoryPasses,45,644.067357975807,0.08231925964355469
1086,Large,GomoryPasses,46,644.067357975807,0.07862472534179688
1087,Large,GomoryPasses,47,644.067357975807,0.15276527404785156
1088,Large,GomoryPasses,48,644.067357975807,0.07629013061523438
1089,Large,GomoryPasses,49,644.067357975807,0.087127685546875
1090,Large,GomoryPasses,50,644.067357975807,0.09553718566894531
1091,Large,GomoryPasses,51,644.067357975807,0.13034820556640625
1092,Large,GomoryPasses,52,644.067357975807,0.07566642761230469
1093,Large,GomoryPasses,53,644.067357975807,0.0947723388671875
1094,Large,GomoryPasses,54,644.067357975807,0.08457565307617188
1095,Large,GomoryPasses,55,644.067357975807,0.08742904663085938
1096,Large,GomoryPasses,56,644.067357975807,0.10190010070800781
1097,Large,GomoryPasses,57,644.067357975807,0.08101654052734375
1098,Large,GomoryPasses,58,644.067357975807,0.078125
1099,Large,GomoryPasses,59,644.067357975807,0.07909011840820312
1100,Large,GomoryPasses,60,644.067357975807,0.09567832946777344
1101,Large,GomoryPasses,61,644.067357975807,0.08365631103515625
1102,Large,GomoryPasses,62,644.067357975807,0.064239501953125
1103,Large,GomoryPasses,63,644.067357975807,0.10979843139648438
1104,Large,GomoryPasses,64,644.067357975807,0.07629776000976562
1105,Large,GomoryPasses,65,644.067357975807,0.07360649108886719
1106,Large,GomoryPasses,66,644.067357975807,0.13623619079589844
1107,Large,GomoryPasses,67,644.067357975807,0.08857536315917969
1108,Large,GomoryPasses,68,644.067357975807,0.08580398559570312
1109,Large,GomoryPasses,69,644.067357975807,0.07617378234863281
1110,Large,GomoryPasses,70,644.067357975807,0.12422752380371094
1111,Large,GomoryPasses,71,644.067357975807,0.08349990844726562
1112,Large,GomoryPasses,72,644.067357975807,0.07781600952148438
1113,Large,GomoryPasses,73,644.067357975807,0.10541343688964844
1114,Large,GomoryPasses,74,644.067357975807,0.11203765869140625
1115,Large,GomoryPasses,75,644.067357975807,0.08065223693847656
1116,Large,GomoryPasses,76,644.067357975807,0.08176040649414062
1117,Large,GomoryPasses,77,644.067357975807,0.08457565307617188
1118,Large,GomoryPasses,78,644.067357975807,0.08534049987792969
1119,Large,GomoryPasses,79,644.067357975807,0.09107017517089844
1120,Large,GomoryPasses,80,644.067357975807,0.10343360900878906
1121,Large,GomoryPasses,81,644.067357975807,0.09123420715332031
1122,Large,GomoryPasses,82,644.067357975807,0.08965492248535156
1123,Large,GomoryPasses,83,644.067357975807,0.08861923217773438
1124,Large,GomoryPasses,84,644.067357975807,0.09156227111816406
1125,Large,GomoryPasses,85,644.067357975807,0.09308052062988281
1126,Large,GomoryPasses,86,644.067357975807,0.07567214965820312
1127,Large,GomoryPasses,87,644.067357975807,0.10816192626953125
1128,Large,GomoryPasses,88,644.067357975807,0.09267616271972656
1129,Large,GomoryPasses,89,644.067357975807,0.09965705871582031
1130,Large,GomoryPasses,90,644.067357975807,0.08498954772949219
1131,Large,GomoryPasses,91,644.067357975807,0.10979843139648438
1132,Large,GomoryPasses,92,644.067357975807,0.0783538818359375
1133,Large,GomoryPasses,93,644.067357975807,0.06500244140625
1134,Large,GomoryPasses,94,644.067357975807,0.08924293518066406
1135,Large,GomoryPasses,95,644.067357975807,0.08821868896484375
1136,Large,GomoryPasses,96,644.067357975807,0.07821464538574219
1137,Large,GomoryPasses,97,644.067357975807,0.12554168701171875
1138,Large,GomoryPasses,98,644.067357975807,0.07452392578125
1139,Large,GomoryPasses,99,644.067357975807,0.06220245361328125
